Mode,Indicator,Date,Week Num,Lowest,Current,Last Year
Aviation,U.S. Domestic Commercial Flights (Departures),03/01/2020,10,,25420,23879
Aviation,U.S. Domestic Commercial Flights (Departures),03/02/2020,10,,26963,25747
Aviation,U.S. Domestic Commercial Flights (Departures),03/03/2020,10,,27159,26730
Aviation,U.S. Domestic Commercial Flights (Departures),03/04/2020,10,,27628,27124
Aviation,U.S. Domestic Commercial Flights (Departures),03/05/2020,10,,28438,28138
Aviation,U.S. Domestic Commercial Flights (Departures),03/06/2020,10,,28182,27791
Aviation,U.S. Domestic Commercial Flights (Departures),03/07/2020,10,,22707,22306
Aviation,U.S. Domestic Commercial Flights (Departures),03/08/2020,11,,25727,25167
Aviation,U.S. Domestic Commercial Flights (Departures),03/09/2020,11,,27253,26867
Aviation,U.S. Domestic Commercial Flights (Departures),03/10/2020,11,,27387,27277
Aviation,U.S. Domestic Commercial Flights (Departures),03/11/2020,11,,27844,25927
Aviation,U.S. Domestic Commercial Flights (Departures),03/12/2020,11,,29042,27454
Aviation,U.S. Domestic Commercial Flights (Departures),03/13/2020,11,,28512,27852
Aviation,U.S. Domestic Commercial Flights (Departures),03/14/2020,11,,23314,22451
Aviation,U.S. Domestic Commercial Flights (Departures),03/15/2020,12,,25909,25339
Aviation,U.S. Domestic Commercial Flights (Departures),03/16/2020,12,,27207,26711
Aviation,U.S. Domestic Commercial Flights (Departures),03/17/2020,12,,26703,27227
Aviation,U.S. Domestic Commercial Flights (Departures),03/18/2020,12,,25640,27616
Aviation,U.S. Domestic Commercial Flights (Departures),03/19/2020,12,,24087,28175
Aviation,U.S. Domestic Commercial Flights (Departures),03/20/2020,12,,23196,27725
Aviation,U.S. Domestic Commercial Flights (Departures),03/21/2020,12,,18433,22415
Aviation,U.S. Domestic Commercial Flights (Departures),03/22/2020,13,,18789,25429
Aviation,U.S. Domestic Commercial Flights (Departures),03/23/2020,13,,17937,26800
Aviation,U.S. Domestic Commercial Flights (Departures),03/24/2020,13,,17948,27219
Aviation,U.S. Domestic Commercial Flights (Departures),03/25/2020,13,,16587,27560
Aviation,U.S. Domestic Commercial Flights (Departures),03/26/2020,13,,16029,28209
Aviation,U.S. Domestic Commercial Flights (Departures),03/27/2020,13,,14509,27648
Aviation,U.S. Domestic Commercial Flights (Departures),03/28/2020,13,,12377,22324
Aviation,U.S. Domestic Commercial Flights (Departures),03/29/2020,14,,13061,25349
Aviation,U.S. Domestic Commercial Flights (Departures),03/30/2020,14,,13019,26610
Aviation,U.S. Domestic Commercial Flights (Departures),03/31/2020,14,,13757,27079
Aviation,U.S. Domestic Commercial Flights (Departures),04/01/2020,14,,13147,27441
Aviation,U.S. Domestic Commercial Flights (Departures),04/02/2020,14,,12149,28239
Aviation,U.S. Domestic Commercial Flights (Departures),04/03/2020,14,,12040,27849
Aviation,U.S. Domestic Commercial Flights (Departures),04/04/2020,14,,9625,21810
Aviation,U.S. Domestic Commercial Flights (Departures),04/05/2020,15,,10045,25141
Aviation,U.S. Domestic Commercial Flights (Departures),04/06/2020,15,,10475,26780
Aviation,U.S. Domestic Commercial Flights (Departures),04/07/2020,15,,10795,27304
Aviation,U.S. Domestic Commercial Flights (Departures),04/08/2020,15,,10942,26913
Aviation,U.S. Domestic Commercial Flights (Departures),04/09/2020,15,,10956,27742
Aviation,U.S. Domestic Commercial Flights (Departures),04/10/2020,15,,10357,28013
Aviation,U.S. Domestic Commercial Flights (Departures),04/11/2020,15,,8178,21071
Aviation,U.S. Domestic Commercial Flights (Departures),04/12/2020,16,,7924,23903
Aviation,U.S. Domestic Commercial Flights (Departures),04/13/2020,16,,9113,26587
Aviation,U.S. Domestic Commercial Flights (Departures),04/14/2020,16,,9596,27230
Aviation,U.S. Domestic Commercial Flights (Departures),04/15/2020,16,,9402,27478
Aviation,U.S. Domestic Commercial Flights (Departures),04/16/2020,16,,8947,28399
Aviation,U.S. Domestic Commercial Flights (Departures),04/17/2020,16,,8665,26066
Aviation,U.S. Domestic Commercial Flights (Departures),04/18/2020,16,,6814,20821
Aviation,U.S. Domestic Commercial Flights (Departures),04/19/2020,17,,6824,24243
Aviation,U.S. Domestic Commercial Flights (Departures),04/20/2020,17,,7560,27302
Aviation,U.S. Domestic Commercial Flights (Departures),04/21/2020,17,,8399,27243
Aviation,U.S. Domestic Commercial Flights (Departures),04/22/2020,17,,8614,27463
Aviation,U.S. Domestic Commercial Flights (Departures),04/23/2020,17,,8861,28407
Aviation,U.S. Domestic Commercial Flights (Departures),04/24/2020,17,,8550,27367
Aviation,U.S. Domestic Commercial Flights (Departures),04/25/2020,17,6679,6679,20806
Aviation,U.S. Domestic Commercial Flights (Departures),04/26/2020,18,6679,6860,25354
Aviation,U.S. Domestic Commercial Flights (Departures),04/27/2020,18,6679,7657,26922
Aviation,U.S. Domestic Commercial Flights (Departures),04/28/2020,18,6679,8515,26838
Aviation,U.S. Domestic Commercial Flights (Departures),04/29/2020,18,6679,8687,27587
Aviation,U.S. Domestic Commercial Flights (Departures),04/30/2020,18,6679,9098,28613
Aviation,U.S. Domestic Commercial Flights (Departures),05/01/2020,18,6679,9338,27852
Aviation,U.S. Domestic Commercial Flights (Departures),05/02/2020,18,6679,6801,21515
Aviation,U.S. Domestic Commercial Flights (Departures),05/03/2020,19,6679,7737,25615
Aviation,U.S. Domestic Commercial Flights (Departures),05/04/2020,19,6679,8466,27211
Aviation,U.S. Domestic Commercial Flights (Departures),05/05/2020,19,6679,8635,27480
Aviation,U.S. Domestic Commercial Flights (Departures),05/06/2020,19,6679,9025,27475
Aviation,U.S. Domestic Commercial Flights (Departures),05/07/2020,19,6679,9582,28463
Aviation,U.S. Domestic Commercial Flights (Departures),05/08/2020,19,6679,9534,28251
Aviation,U.S. Domestic Commercial Flights (Departures),05/09/2020,19,6679,7150,21105
Aviation,U.S. Domestic Commercial Flights (Departures),05/10/2020,20,6679,7629,24606
Aviation,U.S. Domestic Commercial Flights (Departures),05/11/2020,20,6679,8548,27296
Aviation,U.S. Domestic Commercial Flights (Departures),05/12/2020,20,6679,8634,27614
Aviation,U.S. Domestic Commercial Flights (Departures),05/13/2020,20,6679,9302,28057
Aviation,U.S. Domestic Commercial Flights (Departures),05/14/2020,20,6679,9855,28868
Aviation,U.S. Domestic Commercial Flights (Departures),05/15/2020,20,6679,9612,28461
Aviation,U.S. Domestic Commercial Flights (Departures),05/16/2020,20,6679,7288,21030
Aviation,U.S. Domestic Commercial Flights (Departures),05/17/2020,21,6679,7946,25395
Aviation,U.S. Domestic Commercial Flights (Departures),05/18/2020,21,6679,8866,27181
Aviation,U.S. Domestic Commercial Flights (Departures),05/19/2020,21,6679,8920,27390
Aviation,U.S. Domestic Commercial Flights (Departures),05/20/2020,21,6679,9811,28143
Aviation,U.S. Domestic Commercial Flights (Departures),05/21/2020,21,6679,10507,28691
Aviation,U.S. Domestic Commercial Flights (Departures),05/22/2020,21,6679,10316,28533
Aviation,U.S. Domestic Commercial Flights (Departures),05/23/2020,21,6679,7730,21039
Aviation,U.S. Domestic Commercial Flights (Departures),05/24/2020,22,6679,8045,21212
Aviation,U.S. Domestic Commercial Flights (Departures),05/25/2020,22,6679,8282,24998
Aviation,U.S. Domestic Commercial Flights (Departures),05/26/2020,22,6679,8495,26472
Aviation,U.S. Domestic Commercial Flights (Departures),05/27/2020,22,6679,10013,26819
Aviation,U.S. Domestic Commercial Flights (Departures),05/28/2020,22,6679,10562,28392
Aviation,U.S. Domestic Commercial Flights (Departures),05/29/2020,22,6679,10196,28142
Aviation,U.S. Domestic Commercial Flights (Departures),05/30/2020,22,6679,7789,21805
Aviation,U.S. Domestic Commercial Flights (Departures),05/31/2020,23,6679,8744,25209
Aviation,U.S. Domestic Commercial Flights (Departures),06/01/2020,23,6679,9739,27254
Aviation,U.S. Domestic Commercial Flights (Departures),06/02/2020,23,6679,9755,27721
Aviation,U.S. Domestic Commercial Flights (Departures),06/03/2020,23,6679,10501,27971
Aviation,U.S. Domestic Commercial Flights (Departures),06/04/2020,23,6679,11489,29008
Aviation,U.S. Domestic Commercial Flights (Departures),06/05/2020,23,6679,11271,28643
Aviation,U.S. Domestic Commercial Flights (Departures),06/06/2020,23,6679,8952,22821
Aviation,U.S. Domestic Commercial Flights (Departures),06/07/2020,24,6679,10086,25330
Aviation,U.S. Domestic Commercial Flights (Departures),06/08/2020,24,6679,10958,27342
Aviation,U.S. Domestic Commercial Flights (Departures),06/09/2020,24,6679,11083,28567
Aviation,U.S. Domestic Commercial Flights (Departures),06/10/2020,24,6679,11533,28924
Aviation,U.S. Domestic Commercial Flights (Departures),06/11/2020,24,6679,12691,29503
Aviation,U.S. Domestic Commercial Flights (Departures),06/12/2020,24,6679,12313,28994
Aviation,U.S. Domestic Commercial Flights (Departures),06/13/2020,24,6679,9940,23351
Aviation,U.S. Domestic Commercial Flights (Departures),06/14/2020,25,6679,10948,25620
Aviation,U.S. Domestic Commercial Flights (Departures),06/15/2020,25,6679,11690,27636
Aviation,U.S. Domestic Commercial Flights (Departures),06/16/2020,25,6679,11449,28338
Aviation,U.S. Domestic Commercial Flights (Departures),06/17/2020,25,6679,11871,28551
Aviation,U.S. Domestic Commercial Flights (Departures),06/18/2020,25,6679,13223,28837
Aviation,U.S. Domestic Commercial Flights (Departures),06/19/2020,25,6679,12797,28909
Aviation,U.S. Domestic Commercial Flights (Departures),06/20/2020,25,6679,10523,23343
Aviation,U.S. Domestic Commercial Flights (Departures),06/21/2020,26,6679,11281,26111
Aviation,U.S. Domestic Commercial Flights (Departures),06/22/2020,26,6679,12433,27966
Aviation,U.S. Domestic Commercial Flights (Departures),06/23/2020,26,6679,12128,28695
Aviation,U.S. Domestic Commercial Flights (Departures),06/24/2020,26,6679,12506,29317
Aviation,U.S. Domestic Commercial Flights (Departures),06/25/2020,26,6679,13770,29649
Aviation,U.S. Domestic Commercial Flights (Departures),06/26/2020,26,6679,13407,29117
Aviation,U.S. Domestic Commercial Flights (Departures),06/27/2020,26,6679,11025,23601
Aviation,U.S. Domestic Commercial Flights (Departures),06/28/2020,27,6679,11824,25280
Aviation,U.S. Domestic Commercial Flights (Departures),06/29/2020,27,6679,12666,25917
Aviation,U.S. Domestic Commercial Flights (Departures),06/30/2020,27,6679,12740,26630
Aviation,U.S. Domestic Commercial Flights (Departures),07/01/2020,27,6679,13880,26614
Aviation,U.S. Domestic Commercial Flights (Departures),07/02/2020,27,6679,15486,20159
Aviation,U.S. Domestic Commercial Flights (Departures),07/03/2020,27,6679,14316,23355
Aviation,U.S. Domestic Commercial Flights (Departures),07/04/2020,27,6679,10039,22840
Aviation,U.S. Domestic Commercial Flights (Departures),07/05/2020,28,6679,13313,26861
Aviation,U.S. Domestic Commercial Flights (Departures),07/06/2020,28,6679,14772,28406
Aviation,U.S. Domestic Commercial Flights (Departures),07/07/2020,28,6679,15445,28787
Aviation,U.S. Domestic Commercial Flights (Departures),07/08/2020,28,6679,15852,28978
Aviation,U.S. Domestic Commercial Flights (Departures),07/09/2020,28,6679,17489,28290
Aviation,U.S. Domestic Commercial Flights (Departures),07/10/2020,28,6679,17010,29073
Aviation,U.S. Domestic Commercial Flights (Departures),07/11/2020,28,6679,14719,23450
Aviation,U.S. Domestic Commercial Flights (Departures),07/12/2020,29,6679,15705,26653
Aviation,U.S. Domestic Commercial Flights (Departures),07/13/2020,29,6679,16167,28285
Aviation,U.S. Domestic Commercial Flights (Departures),07/14/2020,29,6679,15389,28885
Aviation,U.S. Domestic Commercial Flights (Departures),07/15/2020,29,6679,15904,28682
Aviation,U.S. Domestic Commercial Flights (Departures),07/16/2020,29,6679,17457,28773
Aviation,U.S. Domestic Commercial Flights (Departures),07/17/2020,29,6679,17226,29208
Aviation,U.S. Domestic Commercial Flights (Departures),07/18/2020,29,6679,14904,23865
Aviation,U.S. Domestic Commercial Flights (Departures),07/19/2020,30,6679,15613,26517
Aviation,U.S. Domestic Commercial Flights (Departures),07/20/2020,30,6679,16297,27541
Aviation,U.S. Domestic Commercial Flights (Departures),07/21/2020,30,6679,15421,28802
Aviation,U.S. Domestic Commercial Flights (Departures),07/22/2020,30,6679,15852,29340
Aviation,U.S. Domestic Commercial Flights (Departures),07/23/2020,30,6679,17460,29665
Aviation,U.S. Domestic Commercial Flights (Departures),07/24/2020,30,6679,17265,29105
Aviation,U.S. Domestic Commercial Flights (Departures),07/25/2020,30,6679,14837,23773
Aviation,U.S. Domestic Commercial Flights (Departures),07/26/2020,31,6679,15263,26755
Aviation,U.S. Domestic Commercial Flights (Departures),07/27/2020,31,6679,16163,27873
Aviation,U.S. Domestic Commercial Flights (Departures),07/28/2020,31,6679,15346,28767
Aviation,U.S. Domestic Commercial Flights (Departures),07/29/2020,31,6679,15627,28308
Aviation,U.S. Domestic Commercial Flights (Departures),07/30/2020,31,6679,17205,29399
Aviation,U.S. Domestic Commercial Flights (Departures),07/31/2020,31,6679,17121,28930
Aviation,U.S. Domestic Commercial Flights (Departures),08/01/2020,31,6679,15215,23865
Aviation,U.S. Domestic Commercial Flights (Departures),08/02/2020,32,6679,15972,26791
Aviation,U.S. Domestic Commercial Flights (Departures),08/03/2020,32,6679,16851,28337
Aviation,U.S. Domestic Commercial Flights (Departures),08/04/2020,32,6679,15152,28660
Aviation,U.S. Domestic Commercial Flights (Departures),08/05/2020,32,6679,16216,27821
Aviation,U.S. Domestic Commercial Flights (Departures),08/06/2020,32,6679,18100,29244
Aviation,U.S. Domestic Commercial Flights (Departures),08/07/2020,32,6679,17772,29076
Aviation,U.S. Domestic Commercial Flights (Departures),08/08/2020,32,6679,15431,23453
Aviation,U.S. Domestic Commercial Flights (Departures),08/09/2020,33,6679,16292,26717
Aviation,U.S. Domestic Commercial Flights (Departures),08/10/2020,33,6679,16800,27871
Aviation,U.S. Domestic Commercial Flights (Departures),08/11/2020,33,6679,15855,28491
Aviation,U.S. Domestic Commercial Flights (Departures),08/12/2020,33,6679,16310,28796
Aviation,U.S. Domestic Commercial Flights (Departures),08/13/2020,33,6679,18147,29182
Aviation,U.S. Domestic Commercial Flights (Departures),08/14/2020,33,6679,17680,28812
Aviation,U.S. Domestic Commercial Flights (Departures),08/15/2020,33,6679,15386,22968
Aviation,U.S. Domestic Commercial Flights (Departures),08/16/2020,34,6679,16325,25609
Aviation,U.S. Domestic Commercial Flights (Departures),08/17/2020,34,6679,16695,27553
Aviation,U.S. Domestic Commercial Flights (Departures),08/18/2020,34,6679,15724,27193
Aviation,U.S. Domestic Commercial Flights (Departures),08/19/2020,34,6679,16045,27969
Aviation,U.S. Domestic Commercial Flights (Departures),08/20/2020,34,6679,18107,29124
Aviation,U.S. Domestic Commercial Flights (Departures),08/21/2020,34,6679,17479,28606
Aviation,U.S. Domestic Commercial Flights (Departures),08/22/2020,34,6679,14991,22313
Aviation,U.S. Domestic Commercial Flights (Departures),08/23/2020,35,6679,16227,26163
Aviation,U.S. Domestic Commercial Flights (Departures),08/24/2020,35,6679,16581,27572
Aviation,U.S. Domestic Commercial Flights (Departures),08/25/2020,35,6679,15767,27558
Aviation,U.S. Domestic Commercial Flights (Departures),08/26/2020,35,6679,15421,28185
Aviation,U.S. Domestic Commercial Flights (Departures),08/27/2020,35,6679,17285,29224
Aviation,U.S. Domestic Commercial Flights (Departures),08/28/2020,35,6679,17007,28665
Aviation,U.S. Domestic Commercial Flights (Departures),08/29/2020,35,6679,14703,20525
Aviation,U.S. International Commercial Flights (Departures),03/01/2020,10,,4249,4450
Aviation,U.S. International Commercial Flights (Departures),03/02/2020,10,,4073,4286
Aviation,U.S. International Commercial Flights (Departures),03/03/2020,10,,3890,4159
Aviation,U.S. International Commercial Flights (Departures),03/04/2020,10,,4003,4234
Aviation,U.S. International Commercial Flights (Departures),03/05/2020,10,,4154,4443
Aviation,U.S. International Commercial Flights (Departures),03/06/2020,10,,4243,4528
Aviation,U.S. International Commercial Flights (Departures),03/07/2020,10,,4694,4902
Aviation,U.S. International Commercial Flights (Departures),03/08/2020,11,,4283,4588
Aviation,U.S. International Commercial Flights (Departures),03/09/2020,11,,4057,4428
Aviation,U.S. International Commercial Flights (Departures),03/10/2020,11,,3908,4208
Aviation,U.S. International Commercial Flights (Departures),03/11/2020,11,,4001,4257
Aviation,U.S. International Commercial Flights (Departures),03/12/2020,11,,4121,4408
Aviation,U.S. International Commercial Flights (Departures),03/13/2020,11,,4159,4469
Aviation,U.S. International Commercial Flights (Departures),03/14/2020,11,,4518,4889
Aviation,U.S. International Commercial Flights (Departures),03/15/2020,12,,4019,4510
Aviation,U.S. International Commercial Flights (Departures),03/16/2020,12,,3595,4350
Aviation,U.S. International Commercial Flights (Departures),03/17/2020,12,,3198,4123
Aviation,U.S. International Commercial Flights (Departures),03/18/2020,12,,3122,4300
Aviation,U.S. International Commercial Flights (Departures),03/19/2020,12,,3003,4419
Aviation,U.S. International Commercial Flights (Departures),03/20/2020,12,,2786,4407
Aviation,U.S. International Commercial Flights (Departures),03/21/2020,12,,2899,4834
Aviation,U.S. International Commercial Flights (Departures),03/22/2020,13,,2284,4532
Aviation,U.S. International Commercial Flights (Departures),03/23/2020,13,,1597,4404
Aviation,U.S. International Commercial Flights (Departures),03/24/2020,13,,1305,4150
Aviation,U.S. International Commercial Flights (Departures),03/25/2020,13,,1161,4347
Aviation,U.S. International Commercial Flights (Departures),03/26/2020,13,,1003,4448
Aviation,U.S. International Commercial Flights (Departures),03/27/2020,13,,893,4517
Aviation,U.S. International Commercial Flights (Departures),03/28/2020,13,,842,4900
Aviation,U.S. International Commercial Flights (Departures),03/29/2020,14,,679,4619
Aviation,U.S. International Commercial Flights (Departures),03/30/2020,14,,623,4404
Aviation,U.S. International Commercial Flights (Departures),03/31/2020,14,,626,4181
Aviation,U.S. International Commercial Flights (Departures),04/01/2020,14,,571,4336
Aviation,U.S. International Commercial Flights (Departures),04/02/2020,14,,534,4457
Aviation,U.S. International Commercial Flights (Departures),04/03/2020,14,,558,4481
Aviation,U.S. International Commercial Flights (Departures),04/04/2020,14,,523,4804
Aviation,U.S. International Commercial Flights (Departures),04/05/2020,15,,510,4530
Aviation,U.S. International Commercial Flights (Departures),04/06/2020,15,,471,4306
Aviation,U.S. International Commercial Flights (Departures),04/07/2020,15,,432,4146
Aviation,U.S. International Commercial Flights (Departures),04/08/2020,15,,452,4270
Aviation,U.S. International Commercial Flights (Departures),04/09/2020,15,,431,4397
Aviation,U.S. International Commercial Flights (Departures),04/10/2020,15,,407,4508
Aviation,U.S. International Commercial Flights (Departures),04/11/2020,15,,393,4767
Aviation,U.S. International Commercial Flights (Departures),04/12/2020,16,,362,4434
Aviation,U.S. International Commercial Flights (Departures),04/13/2020,16,,394,4311
Aviation,U.S. International Commercial Flights (Departures),04/14/2020,16,,387,4158
Aviation,U.S. International Commercial Flights (Departures),04/15/2020,16,,396,4329
Aviation,U.S. International Commercial Flights (Departures),04/16/2020,16,,399,4455
Aviation,U.S. International Commercial Flights (Departures),04/17/2020,16,,405,4394
Aviation,U.S. International Commercial Flights (Departures),04/18/2020,16,,352,4803
Aviation,U.S. International Commercial Flights (Departures),04/19/2020,17,,332,4536
Aviation,U.S. International Commercial Flights (Departures),04/20/2020,17,326,326,4337
Aviation,U.S. International Commercial Flights (Departures),04/21/2020,17,326,348,4222
Aviation,U.S. International Commercial Flights (Departures),04/22/2020,17,326,399,4344
Aviation,U.S. International Commercial Flights (Departures),04/23/2020,17,326,415,4430
Aviation,U.S. International Commercial Flights (Departures),04/24/2020,17,326,411,4411
Aviation,U.S. International Commercial Flights (Departures),04/25/2020,17,326,395,4764
Aviation,U.S. International Commercial Flights (Departures),04/26/2020,18,326,355,4506
Aviation,U.S. International Commercial Flights (Departures),04/27/2020,18,326,332,4320
Aviation,U.S. International Commercial Flights (Departures),04/28/2020,18,326,342,4143
Aviation,U.S. International Commercial Flights (Departures),04/29/2020,18,326,409,4247
Aviation,U.S. International Commercial Flights (Departures),04/30/2020,18,326,415,4313
Aviation,U.S. International Commercial Flights (Departures),05/01/2020,18,326,426,4348
Aviation,U.S. International Commercial Flights (Departures),05/02/2020,18,326,352,4644
Aviation,U.S. International Commercial Flights (Departures),05/03/2020,19,326,330,4414
Aviation,U.S. International Commercial Flights (Departures),05/04/2020,19,326,342,4302
Aviation,U.S. International Commercial Flights (Departures),05/05/2020,19,326,349,4145
Aviation,U.S. International Commercial Flights (Departures),05/06/2020,19,326,388,4249
Aviation,U.S. International Commercial Flights (Departures),05/07/2020,19,326,432,4354
Aviation,U.S. International Commercial Flights (Departures),05/08/2020,19,326,423,4401
Aviation,U.S. International Commercial Flights (Departures),05/09/2020,19,326,367,4611
Aviation,U.S. International Commercial Flights (Departures),05/10/2020,20,326,376,4394
Aviation,U.S. International Commercial Flights (Departures),05/11/2020,20,326,378,4285
Aviation,U.S. International Commercial Flights (Departures),05/12/2020,20,326,364,4207
Aviation,U.S. International Commercial Flights (Departures),05/13/2020,20,326,430,4293
Aviation,U.S. International Commercial Flights (Departures),05/14/2020,20,326,441,4416
Aviation,U.S. International Commercial Flights (Departures),05/15/2020,20,326,427,4410
Aviation,U.S. International Commercial Flights (Departures),05/16/2020,20,326,389,4649
Aviation,U.S. International Commercial Flights (Departures),05/17/2020,21,326,382,4429
Aviation,U.S. International Commercial Flights (Departures),05/18/2020,21,326,359,4313
Aviation,U.S. International Commercial Flights (Departures),05/19/2020,21,326,357,4202
Aviation,U.S. International Commercial Flights (Departures),05/20/2020,21,326,456,4309
Aviation,U.S. International Commercial Flights (Departures),05/21/2020,21,326,459,4433
Aviation,U.S. International Commercial Flights (Departures),05/22/2020,21,326,436,4473
Aviation,U.S. International Commercial Flights (Departures),05/23/2020,21,326,394,4685
Aviation,U.S. International Commercial Flights (Departures),05/24/2020,22,326,395,4390
Aviation,U.S. International Commercial Flights (Departures),05/25/2020,22,326,394,4329
Aviation,U.S. International Commercial Flights (Departures),05/26/2020,22,326,382,4192
Aviation,U.S. International Commercial Flights (Departures),05/27/2020,22,326,447,4204
Aviation,U.S. International Commercial Flights (Departures),05/28/2020,22,326,461,4413
Aviation,U.S. International Commercial Flights (Departures),05/29/2020,22,326,440,4486
Aviation,U.S. International Commercial Flights (Departures),05/30/2020,22,326,387,4712
Aviation,U.S. International Commercial Flights (Departures),05/31/2020,23,326,388,4479
Aviation,U.S. International Commercial Flights (Departures),06/01/2020,23,326,439,4371
Aviation,U.S. International Commercial Flights (Departures),06/02/2020,23,326,418,4296
Aviation,U.S. International Commercial Flights (Departures),06/03/2020,23,326,493,4344
Aviation,U.S. International Commercial Flights (Departures),06/04/2020,23,326,535,4613
Aviation,U.S. International Commercial Flights (Departures),06/05/2020,23,326,534,4661
Aviation,U.S. International Commercial Flights (Departures),06/06/2020,23,326,512,4941
Aviation,U.S. International Commercial Flights (Departures),06/07/2020,24,326,490,4656
Aviation,U.S. International Commercial Flights (Departures),06/08/2020,24,326,472,4537
Aviation,U.S. International Commercial Flights (Departures),06/09/2020,24,326,471,4496
Aviation,U.S. International Commercial Flights (Departures),06/10/2020,24,326,533,4570
Aviation,U.S. International Commercial Flights (Departures),06/11/2020,24,326,556,4645
Aviation,U.S. International Commercial Flights (Departures),06/12/2020,24,326,552,4686
Aviation,U.S. International Commercial Flights (Departures),06/13/2020,24,326,510,5002
Aviation,U.S. International Commercial Flights (Departures),06/14/2020,25,326,490,4695
Aviation,U.S. International Commercial Flights (Departures),06/15/2020,25,326,507,4583
Aviation,U.S. International Commercial Flights (Departures),06/16/2020,25,326,524,4492
Aviation,U.S. International Commercial Flights (Departures),06/17/2020,25,326,563,4618
Aviation,U.S. International Commercial Flights (Departures),06/18/2020,25,326,617,4632
Aviation,U.S. International Commercial Flights (Departures),06/19/2020,25,326,611,4750
Aviation,U.S. International Commercial Flights (Departures),06/20/2020,25,326,583,5087
Aviation,U.S. International Commercial Flights (Departures),06/21/2020,26,326,538,4760
Aviation,U.S. International Commercial Flights (Departures),06/22/2020,26,326,557,4639
Aviation,U.S. International Commercial Flights (Departures),06/23/2020,26,326,555,4566
Aviation,U.S. International Commercial Flights (Departures),06/24/2020,26,326,611,4659
Aviation,U.S. International Commercial Flights (Departures),06/25/2020,26,326,653,4726
Aviation,U.S. International Commercial Flights (Departures),06/26/2020,26,326,655,4730
Aviation,U.S. International Commercial Flights (Departures),06/27/2020,26,326,617,4978
Aviation,U.S. International Commercial Flights (Departures),06/28/2020,27,326,577,4754
Aviation,U.S. International Commercial Flights (Departures),06/29/2020,27,326,571,4642
Aviation,U.S. International Commercial Flights (Departures),06/30/2020,27,326,554,4576
Aviation,U.S. International Commercial Flights (Departures),07/01/2020,27,326,789,4675
Aviation,U.S. International Commercial Flights (Departures),07/02/2020,27,326,870,4626
Aviation,U.S. International Commercial Flights (Departures),07/03/2020,27,326,898,4663
Aviation,U.S. International Commercial Flights (Departures),07/04/2020,27,326,833,5000
Aviation,U.S. International Commercial Flights (Departures),07/05/2020,28,326,804,4842
Aviation,U.S. International Commercial Flights (Departures),07/06/2020,28,326,823,4672
Aviation,U.S. International Commercial Flights (Departures),07/07/2020,28,326,842,4639
Aviation,U.S. International Commercial Flights (Departures),07/08/2020,28,326,932,4670
Aviation,U.S. International Commercial Flights (Departures),07/09/2020,28,326,1000,4620
Aviation,U.S. International Commercial Flights (Departures),07/10/2020,28,326,1013,4766
Aviation,U.S. International Commercial Flights (Departures),07/11/2020,28,326,1015,5109
Aviation,U.S. International Commercial Flights (Departures),07/12/2020,29,326,936,4848
Aviation,U.S. International Commercial Flights (Departures),07/13/2020,29,326,907,4673
Aviation,U.S. International Commercial Flights (Departures),07/14/2020,29,326,866,4622
Aviation,U.S. International Commercial Flights (Departures),07/15/2020,29,326,981,4574
Aviation,U.S. International Commercial Flights (Departures),07/16/2020,29,326,1026,4671
Aviation,U.S. International Commercial Flights (Departures),07/17/2020,29,326,1061,4780
Aviation,U.S. International Commercial Flights (Departures),07/18/2020,29,326,1054,5142
Aviation,U.S. International Commercial Flights (Departures),07/19/2020,30,326,987,4791
Aviation,U.S. International Commercial Flights (Departures),07/20/2020,30,326,938,4571
Aviation,U.S. International Commercial Flights (Departures),07/21/2020,30,326,874,4587
Aviation,U.S. International Commercial Flights (Departures),07/22/2020,30,326,954,4665
Aviation,U.S. International Commercial Flights (Departures),07/23/2020,30,326,1032,4733
Aviation,U.S. International Commercial Flights (Departures),07/24/2020,30,326,1040,4794
Aviation,U.S. International Commercial Flights (Departures),07/25/2020,30,326,1016,5157
Aviation,U.S. International Commercial Flights (Departures),07/26/2020,31,326,971,4844
Aviation,U.S. International Commercial Flights (Departures),07/27/2020,31,326,924,4658
Aviation,U.S. International Commercial Flights (Departures),07/28/2020,31,326,845,4594
Aviation,U.S. International Commercial Flights (Departures),07/29/2020,31,326,939,4570
Aviation,U.S. International Commercial Flights (Departures),07/30/2020,31,326,944,4728
Aviation,U.S. International Commercial Flights (Departures),07/31/2020,31,326,1001,4736
Aviation,U.S. International Commercial Flights (Departures),08/01/2020,31,326,1047,5134
Aviation,U.S. International Commercial Flights (Departures),08/02/2020,32,326,1048,4833
Aviation,U.S. International Commercial Flights (Departures),08/03/2020,32,326,1022,4670
Aviation,U.S. International Commercial Flights (Departures),08/04/2020,32,326,867,4549
Aviation,U.S. International Commercial Flights (Departures),08/05/2020,32,326,1018,4468
Aviation,U.S. International Commercial Flights (Departures),08/06/2020,32,326,1068,4630
Aviation,U.S. International Commercial Flights (Departures),08/07/2020,32,326,1124,4737
Aviation,U.S. International Commercial Flights (Departures),08/08/2020,32,326,1130,5050
Aviation,U.S. International Commercial Flights (Departures),08/09/2020,33,326,1071,4804
Aviation,U.S. International Commercial Flights (Departures),08/10/2020,33,326,1018,4655
Aviation,U.S. International Commercial Flights (Departures),08/11/2020,33,326,869,4532
Aviation,U.S. International Commercial Flights (Departures),08/12/2020,33,326,995,4600
Aviation,U.S. International Commercial Flights (Departures),08/13/2020,33,326,1045,4632
Aviation,U.S. International Commercial Flights (Departures),08/14/2020,33,326,1103,4704
Aviation,U.S. International Commercial Flights (Departures),08/15/2020,33,326,1130,4964
Aviation,U.S. International Commercial Flights (Departures),08/16/2020,34,326,1074,4654
Aviation,U.S. International Commercial Flights (Departures),08/17/2020,34,326,998,4563
Aviation,U.S. International Commercial Flights (Departures),08/18/2020,34,326,880,4278
Aviation,U.S. International Commercial Flights (Departures),08/19/2020,34,326,992,4315
Aviation,U.S. International Commercial Flights (Departures),08/20/2020,34,326,1084,4405
Aviation,U.S. International Commercial Flights (Departures),08/21/2020,34,326,1093,4493
Aviation,U.S. International Commercial Flights (Departures),08/22/2020,34,326,1130,4603
Aviation,U.S. International Commercial Flights (Departures),08/23/2020,35,326,1074,4484
Aviation,U.S. International Commercial Flights (Departures),08/24/2020,35,326,984,4413
Aviation,U.S. International Commercial Flights (Departures),08/25/2020,35,326,896,4276
Aviation,U.S. International Commercial Flights (Departures),08/26/2020,35,326,943,4311
Aviation,U.S. International Commercial Flights (Departures),08/27/2020,35,326,936,4457
Aviation,U.S. International Commercial Flights (Departures),08/28/2020,35,326,999,4476
Aviation,U.S. International Commercial Flights (Departures),08/29/2020,35,326,1090,4476
Aviation,People Screened at All Airports,01/01/2020,1,,2155574,2354510
Aviation,People Screened at All Airports,01/02/2020,1,,2415487,2211239
Aviation,People Screened at All Airports,01/03/2020,1,,2334637,2160942
Aviation,People Screened at All Airports,01/04/2020,1,,2198836,1986061
Aviation,People Screened at All Airports,01/05/2020,2,,2445607,2231586
Aviation,People Screened at All Airports,01/06/2020,2,,2231374,2050549
Aviation,People Screened at All Airports,01/07/2020,2,,1823945,1740080
Aviation,People Screened at All Airports,01/08/2020,2,,1832461,1741872
Aviation,People Screened at All Airports,01/09/2020,2,,2054602,1961306
Aviation,People Screened at All Airports,01/10/2020,2,,2093703,1977664
Aviation,People Screened at All Airports,01/11/2020,2,,1702437,1611796
Aviation,People Screened at All Airports,01/12/2020,3,,2206019,1977133
Aviation,People Screened at All Airports,01/13/2020,3,,2012814,1890935
Aviation,People Screened at All Airports,01/14/2020,3,,1706573,1610144
Aviation,People Screened at All Airports,01/15/2020,3,,1895624,1790635
Aviation,People Screened at All Airports,01/16/2020,3,,2266468,2148157
Aviation,People Screened at All Airports,01/17/2020,3,,2372482,2280581
Aviation,People Screened at All Airports,01/18/2020,3,,1797282,1606917
Aviation,People Screened at All Airports,01/19/2020,4,,2020197,1783314
Aviation,People Screened at All Airports,01/20/2020,4,,2323295,2185585
Aviation,People Screened at All Airports,01/21/2020,4,,1891205,1809663
Aviation,People Screened at All Airports,01/22/2020,4,,1820056,1768423
Aviation,People Screened at All Airports,01/23/2020,4,,2122231,1986129
Aviation,People Screened at All Airports,01/24/2020,4,,2168063,2061617
Aviation,People Screened at All Airports,01/25/2020,4,,1659356,1577399
Aviation,People Screened at All Airports,01/26/2020,5,,2160108,2018377
Aviation,People Screened at All Airports,01/27/2020,5,,2026016,1868239
Aviation,People Screened at All Airports,01/28/2020,5,,1659495,1539295
Aviation,People Screened at All Airports,01/29/2020,5,,1796235,1598703
Aviation,People Screened at All Airports,01/30/2020,5,,2107797,1938669
Aviation,People Screened at All Airports,01/31/2020,5,,2173876,2079279
Aviation,People Screened at All Airports,02/01/2020,5,,1673354,1597570
Aviation,People Screened at All Airports,02/02/2020,6,,1969134,1798671
Aviation,People Screened at All Airports,02/03/2020,6,,2076842,2010475
Aviation,People Screened at All Airports,02/04/2020,6,,1693587,1660169
Aviation,People Screened at All Airports,02/05/2020,6,,1796359,1763252
Aviation,People Screened at All Airports,02/06/2020,6,,2121137,2070541
Aviation,People Screened at All Airports,02/07/2020,6,,2221449,2142789
Aviation,People Screened at All Airports,02/08/2020,6,,1722780,1654630
Aviation,People Screened at All Airports,02/09/2020,7,,2181763,2111190
Aviation,People Screened at All Airports,02/10/2020,7,,2117364,2059410
Aviation,People Screened at All Airports,02/11/2020,7,,1765667,1629306
Aviation,People Screened at All Airports,02/12/2020,7,,1990916,1957861
Aviation,People Screened at All Airports,02/13/2020,7,,2368569,2233965
Aviation,People Screened at All Airports,02/14/2020,7,,2455408,2371916
Aviation,People Screened at All Airports,02/15/2020,7,,1925502,1860728
Aviation,People Screened at All Airports,02/16/2020,8,,2154534,2083609
Aviation,People Screened at All Airports,02/17/2020,8,,2451192,2404994
Aviation,People Screened at All Airports,02/18/2020,8,,2145085,2105128
Aviation,People Screened at All Airports,02/19/2020,8,,2083822,1953079
Aviation,People Screened at All Airports,02/20/2020,8,,2314722,2279033
Aviation,People Screened at All Airports,02/21/2020,8,,2376116,2341465
Aviation,People Screened at All Airports,02/22/2020,8,,1905375,1850741
Aviation,People Screened at All Airports,02/23/2020,9,,2337694,2205593
Aviation,People Screened at All Airports,02/24/2020,9,,2222479,2167324
Aviation,People Screened at All Airports,02/25/2020,9,,1873133,1867244
Aviation,People Screened at All Airports,02/26/2020,9,,2030008,2020876
Aviation,People Screened at All Airports,02/27/2020,9,,2320006,2310330
Aviation,People Screened at All Airports,02/28/2020,9,,2396163,2358886
Aviation,People Screened at All Airports,03/01/2020,10,,2308505,2233873
Aviation,People Screened at All Airports,03/02/2020,10,,2115611,2185463
Aviation,People Screened at All Airports,03/03/2020,10,,1758253,1908085
Aviation,People Screened at All Airports,03/04/2020,10,,1906306,2080093
Aviation,People Screened at All Airports,03/05/2020,10,,2157766,2333383
Aviation,People Screened at All Airports,03/06/2020,10,,2228868,2471524
Aviation,People Screened at All Airports,03/07/2020,10,,1870051,2090427
Aviation,People Screened at All Airports,03/08/2020,11,,2141583,2415105
Aviation,People Screened at All Airports,03/09/2020,11,,1931226,2305352
Aviation,People Screened at All Airports,03/10/2020,11,,1637724,2053707
Aviation,People Screened at All Airports,03/11/2020,11,,1724699,2117791
Aviation,People Screened at All Airports,03/12/2020,11,,1808187,2428447
Aviation,People Screened at All Airports,03/13/2020,11,,1733622,2559206
Aviation,People Screened at All Airports,03/14/2020,11,,1475271,2208044
Aviation,People Screened at All Airports,03/15/2020,12,,1532822,2475581
Aviation,People Screened at All Airports,03/16/2020,12,,1220821,2393485
Aviation,People Screened at All Airports,03/17/2020,12,,973159,2117360
Aviation,People Screened at All Airports,03/18/2020,12,,790622,2249279
Aviation,People Screened at All Airports,03/19/2020,12,,636247,2439912
Aviation,People Screened at All Airports,03/20/2020,12,,610336,2485112
Aviation,People Screened at All Airports,03/21/2020,12,,557043,2160612
Aviation,People Screened at All Airports,03/22/2020,13,,471959,2471654
Aviation,People Screened at All Airports,03/23/2020,13,,333855,2360676
Aviation,People Screened at All Airports,03/24/2020,13,,282348,2080748
Aviation,People Screened at All Airports,03/25/2020,13,,241518,2202694
Aviation,People Screened at All Airports,03/26/2020,13,,205847,2413681
Aviation,People Screened at All Airports,03/27/2020,13,,201385,2464077
Aviation,People Screened at All Airports,03/28/2020,13,,185942,2106402
Aviation,People Screened at All Airports,03/29/2020,14,,181563,2438956
Aviation,People Screened at All Airports,03/30/2020,14,,155205,2285774
Aviation,People Screened at All Airports,03/31/2020,14,,147766,1955915
Aviation,People Screened at All Airports,04/01/2020,14,,137173,2081301
Aviation,People Screened at All Airports,04/02/2020,14,,125169,2338877
Aviation,People Screened at All Airports,04/03/2020,14,,129624,2404321
Aviation,People Screened at All Airports,04/04/2020,14,,119255,1946265
Aviation,People Screened at All Airports,04/05/2020,15,,122969,2392003
Aviation,People Screened at All Airports,04/06/2020,15,,109108,2303071
Aviation,People Screened at All Airports,04/07/2020,15,,97828,2018982
Aviation,People Screened at All Airports,04/08/2020,15,,95682,2156846
Aviation,People Screened at All Airports,04/09/2020,15,,104598,2411195
Aviation,People Screened at All Airports,04/10/2020,15,,109798,2514340
Aviation,People Screened at All Airports,04/11/2020,15,,94353,1993159
Aviation,People Screened at All Airports,04/12/2020,16,,91255,2373736
Aviation,People Screened at All Airports,04/13/2020,16,,102964,2405014
Aviation,People Screened at All Airports,04/14/2020,16,88341,88341,2136583
Aviation,People Screened at All Airports,04/15/2020,16,88341,91433,2244912
Aviation,People Screened at All Airports,04/16/2020,16,88341,95855,2540397
Aviation,People Screened at All Airports,04/17/2020,16,88341,107209,2382599
Aviation,People Screened at All Airports,04/18/2020,16,88341,97875,1921183
Aviation,People Screened at All Airports,04/19/2020,17,88341,106405,2287745
Aviation,People Screened at All Airports,04/20/2020,17,88341,100133,2519831
Aviation,People Screened at All Airports,04/21/2020,17,88341,93479,2156032
Aviation,People Screened at All Airports,04/22/2020,17,88341,99737,2181561
Aviation,People Screened at All Airports,04/23/2020,17,88341,112180,2452388
Aviation,People Screened at All Airports,04/24/2020,17,88341,124612,2446742
Aviation,People Screened at All Airports,04/25/2020,17,88341,108182,1923759
Aviation,People Screened at All Airports,04/26/2020,18,88341,129901,2434314
Aviation,People Screened at All Airports,04/27/2020,18,88341,121017,2338072
Aviation,People Screened at All Airports,04/28/2020,18,88341,111812,2030161
Aviation,People Screened at All Airports,04/29/2020,18,88341,120673,2183559
Aviation,People Screened at All Airports,04/30/2020,18,88341,155991,2423762
Aviation,People Screened at All Airports,05/01/2020,18,88341,173203,2469854
Aviation,People Screened at All Airports,05/02/2020,18,88341,135263,1901926
Aviation,People Screened at All Airports,05/03/2020,19,88341,170379,2440617
Aviation,People Screened at All Airports,05/04/2020,19,88341,164422,2394464
Aviation,People Screened at All Airports,05/05/2020,19,88341,130706,2035185
Aviation,People Screened at All Airports,05/06/2020,19,88341,140463,2196369
Aviation,People Screened at All Airports,05/07/2020,19,88341,190887,2478870
Aviation,People Screened at All Airports,05/08/2020,19,88341,215577,2348220
Aviation,People Screened at All Airports,05/09/2020,19,88341,169675,2435427
Aviation,People Screened at All Airports,05/10/2020,20,88341,201376,2118689
Aviation,People Screened at All Airports,05/11/2020,20,88341,216011,2435427
Aviation,People Screened at All Airports,05/12/2020,20,88341,163324,2118689
Aviation,People Screened at All Airports,05/13/2020,20,88341,179559,2269775
Aviation,People Screened at All Airports,05/14/2020,20,88341,235121,2535771
Aviation,People Screened at All Airports,05/15/2020,20,88341,250842,2588623
Aviation,People Screened at All Airports,05/16/2020,20,88341,194005,2015018
Aviation,People Screened at All Airports,05/17/2020,21,88341,254939,2546532
Aviation,People Screened at All Airports,05/18/2020,21,88341,244533,2537548
Aviation,People Screened at All Airports,05/19/2020,21,88341,190206,2239022
Aviation,People Screened at All Airports,05/20/2020,21,88341,230385,2396947
Aviation,People Screened at All Airports,05/21/2020,21,88341,319247,2596784
Aviation,People Screened at All Airports,05/22/2020,21,88341,349208,2715704
Aviation,People Screened at All Airports,05/23/2020,21,88341,253195,2060648
Aviation,People Screened at All Airports,05/24/2020,22,88341,267547,2006211
Aviation,People Screened at All Airports,05/25/2020,22,88341,341247,2438936
Aviation,People Screened at All Airports,05/26/2020,22,88341,265346,2377759
Aviation,People Screened at All Airports,05/27/2020,22,88341,261888,2195427
Aviation,People Screened at All Airports,05/28/2020,22,88341,322579,2407658
Aviation,People Screened at All Airports,05/29/2020,22,88341,329686,2493385
Aviation,People Screened at All Airports,05/30/2020,22,88341,271809,2049287
Aviation,People Screened at All Airports,05/31/2020,23,88341,353191,2482134
Aviation,People Screened at All Airports,06/01/2020,23,88341,354445,2422458
Aviation,People Screened at All Airports,06/02/2020,23,88341,267887,2175653
Aviation,People Screened at All Airports,06/03/2020,23,88341,304280,2295666
Aviation,People Screened at All Airports,06/04/2020,23,88341,392519,2546356
Aviation,People Screened at All Airports,06/05/2020,23,88341,420107,2573317
Aviation,People Screened at All Airports,06/06/2020,23,88341,353264,2157377
Aviation,People Screened at All Airports,06/07/2020,24,88341,438604,2594351
Aviation,People Screened at All Airports,06/08/2020,24,88341,431218,2564661
Aviation,People Screened at All Airports,06/09/2020,24,88341,338618,2356291
Aviation,People Screened at All Airports,06/10/2020,24,88341,386950,2432626
Aviation,People Screened at All Airports,06/11/2020,24,88341,502601,2598281
Aviation,People Screened at All Airports,06/12/2020,24,88341,520388,2650080
Aviation,People Screened at All Airports,06/13/2020,24,88341,436608,2249256
Aviation,People Screened at All Airports,06/14/2020,25,88341,544615,2568475
Aviation,People Screened at All Airports,06/15/2020,25,88341,535436,2618599
Aviation,People Screened at All Airports,06/16/2020,25,88341,418208,2390083
Aviation,People Screened at All Airports,06/17/2020,25,88341,442323,2474656
Aviation,People Screened at All Airports,06/18/2020,25,88341,577400,2649064
Aviation,People Screened at All Airports,06/19/2020,25,88341,588658,2692994
Aviation,People Screened at All Airports,06/20/2020,25,88341,508530,2307369
Aviation,People Screened at All Airports,06/21/2020,26,88341,592049,2644193
Aviation,People Screened at All Airports,06/22/2020,26,88341,608673,2635767
Aviation,People Screened at All Airports,06/23/2020,26,88341,471395,2428955
Aviation,People Screened at All Airports,06/24/2020,26,88341,496190,2518026
Aviation,People Screened at All Airports,06/25/2020,26,88341,623624,2633614
Aviation,People Screened at All Airports,06/26/2020,26,88341,632984,2652796
Aviation,People Screened at All Airports,06/27/2020,26,88341,546310,2297994
Aviation,People Screened at All Airports,06/28/2020,27,88341,634227,2556945
Aviation,People Screened at All Airports,06/29/2020,27,88341,626150,2378381
Aviation,People Screened at All Airports,06/30/2020,27,88341,500479,2258320
Aviation,People Screened at All Airports,07/01/2020,27,88341,627203,2474896
Aviation,People Screened at All Airports,07/02/2020,27,88341,765130,2024187
Aviation,People Screened at All Airports,07/03/2020,27,88341,719191,2114897
Aviation,People Screened at All Airports,07/04/2020,27,88341,466759,2276411
Aviation,People Screened at All Airports,07/05/2020,28,88341,733535,2718001
Aviation,People Screened at All Airports,07/06/2020,28,88341,757134,2669748
Aviation,People Screened at All Airports,07/07/2020,28,88341,642225,2429664
Aviation,People Screened at All Airports,07/08/2020,28,88341,633379,2440267
Aviation,People Screened at All Airports,07/09/2020,28,88341,712013,2529602
Aviation,People Screened at All Airports,07/10/2020,28,88341,712789,2636520
Aviation,People Screened at All Airports,07/11/2020,28,88341,659550,2242585
Aviation,People Screened at All Airports,07/12/2020,29,88341,757332,2594767
Aviation,People Screened at All Airports,07/13/2020,29,88341,699199,2537208
Aviation,People Screened at All Airports,07/14/2020,29,88341,544101,2370802
Aviation,People Screened at All Airports,07/15/2020,29,88341,590732,2445942
Aviation,People Screened at All Airports,07/16/2020,29,88341,707374,2624750
Aviation,People Screened at All Airports,07/17/2020,29,88341,720971,2695489
Aviation,People Screened at All Airports,07/18/2020,29,88341,648010,2325124
Aviation,People Screened at All Airports,07/19/2020,30,88341,749250,2651313
Aviation,People Screened at All Airports,07/20/2020,30,88341,696958,2555933
Aviation,People Screened at All Airports,07/21/2020,30,88341,531203,2421572
Aviation,People Screened at All Airports,07/22/2020,30,88341,572177,2484887
Aviation,People Screened at All Airports,07/23/2020,30,88341,706397,2627647
Aviation,People Screened at All Airports,07/24/2020,30,88341,727115,2654838
Aviation,People Screened at All Airports,07/25/2020,30,88341,650216,2294615
Aviation,People Screened at All Airports,07/26/2020,31,88341,751974,2625998
Aviation,People Screened at All Airports,07/27/2020,31,88341,700996,2536659
Aviation,People Screened at All Airports,07/28/2020,31,88341,537209,2363361
Aviation,People Screened at All Airports,07/29/2020,31,88341,575238,2464148
Aviation,People Screened at All Airports,07/30/2020,31,88341,718757,2661937
Aviation,People Screened at All Airports,07/31/2020,31,88341,768099,2652716
Aviation,People Screened at All Airports,08/01/2020,31,88341,709759,2297049
Aviation,People Screened at All Airports,08/02/2020,32,88341,800493,2613521
Aviation,People Screened at All Airports,08/03/2020,32,88341,739262,2536363
Aviation,People Screened at All Airports,08/04/2020,32,88341,544822,2311831
Aviation,People Screened at All Airports,08/05/2020,32,88341,597395,2354249
Aviation,People Screened at All Airports,08/06/2020,32,88341,744903,2626661
Aviation,People Screened at All Airports,08/07/2020,32,88341,760832,2645629
Aviation,People Screened at All Airports,08/08/2020,32,88341,684355,2220424
Aviation,People Screened at All Airports,08/09/2020,33,88341,833635,2573685
Aviation,People Screened at All Airports,08/10/2020,33,88341,763448,2487862
Aviation,People Screened at All Airports,08/11/2020,33,88341,559846,2232192
Aviation,People Screened at All Airports,08/12/2020,33,88341,591801,2311471
Aviation,People Screened at All Airports,08/13/2020,33,88341,762836,2523831
Aviation,People Screened at All Airports,08/14/2020,33,88341,784490,2549874
Aviation,People Screened at All Airports,08/15/2020,33,88341,690770,2103477
Aviation,People Screened at All Airports,01/01/2020,1,,1462628,1609118
Aviation,People Screened at All Airports,01/02/2020,1,,1626763,1513108
Aviation,People Screened at All Airports,01/03/2020,1,,1572586,1483715
Aviation,People Screened at All Airports,01/04/2020,1,,1494147,1379480
Aviation,People Screened at All Airports,01/05/2020,2,,1637349,1522582
Aviation,People Screened at All Airports,01/06/2020,2,,1505506,1407530
Aviation,People Screened at All Airports,01/07/2020,2,,1238597,1193651
Aviation,People Screened at All Airports,01/08/2020,2,,1245765,1198326
Aviation,People Screened at Large Hub Airports,01/09/2020,2,,1381212,1335306
Aviation,People Screened at Large Hub Airports,01/10/2020,2,,1406271,1350723
Aviation,People Screened at Large Hub Airports,01/11/2020,2,,1180736,1140281
Aviation,People Screened at Large Hub Airports,01/12/2020,3,,1485936,1371647
Aviation,People Screened at Large Hub Airports,01/13/2020,3,,1355096,1289578
Aviation,People Screened at Large Hub Airports,01/14/2020,3,,1146843,1106915
Aviation,People Screened at Large Hub Airports,01/15/2020,3,,1260467,1218140
Aviation,People Screened at Large Hub Airports,01/16/2020,3,,1495157,1435644
Aviation,People Screened at Large Hub Airports,01/17/2020,3,,1560186,1521562
Aviation,People Screened at Large Hub Airports,01/18/2020,3,,1232232,1108704
Aviation,People Screened at Large Hub Airports,01/19/2020,4,,1369354,1222605
Aviation,People Screened at Large Hub Airports,01/20/2020,4,,1533994,1468755
Aviation,People Screened at Large Hub Airports,01/21/2020,4,,1258140,1224248
Aviation,People Screened at Large Hub Airports,01/22/2020,4,,1212232,1198379
Aviation,People Screened at Large Hub Airports,01/23/2020,4,,1399635,1320463
Aviation,People Screened at Large Hub Airports,01/24/2020,4,,1419559,1386187
Aviation,People Screened at Large Hub Airports,01/25/2020,4,,1132880,1104199
Aviation,People Screened at Large Hub Airports,01/26/2020,5,,1437091,1367811
Aviation,People Screened at Large Hub Airports,01/27/2020,5,,1350770,1269669
Aviation,People Screened at Large Hub Airports,01/28/2020,5,,1108207,1044883
Aviation,People Screened at Large Hub Airports,01/29/2020,5,,1188595,1077340
Aviation,People Screened at Large Hub Airports,01/30/2020,5,,1379272,1288447
Aviation,People Screened at Large Hub Airports,01/31/2020,5,,1429466,1390436
Aviation,People Screened at Large Hub Airports,02/01/2020,5,,1144191,1113909
Aviation,People Screened at Large Hub Airports,02/02/2020,6,,1316820,1231841
Aviation,People Screened at Large Hub Airports,02/03/2020,6,,1392473,1376236
Aviation,People Screened at Large Hub Airports,02/04/2020,6,,1135095,1133556
Aviation,People Screened at Large Hub Airports,02/05/2020,6,,1191369,1184454
Aviation,People Screened at Large Hub Airports,02/06/2020,6,,1392341,1374981
Aviation,People Screened at Large Hub Airports,02/07/2020,6,,1453121,1436520
Aviation,People Screened at Large Hub Airports,02/08/2020,6,,1175547,1158206
Aviation,People Screened at Large Hub Airports,02/09/2020,7,,1447540,1435919
Aviation,People Screened at Large Hub Airports,02/10/2020,7,,1407598,1399058
Aviation,People Screened at Large Hub Airports,02/11/2020,7,,1183302,1106401
Aviation,People Screened at Large Hub Airports,02/12/2020,7,,1320820,1321008
Aviation,People Screened at Large Hub Airports,02/13/2020,7,,1557989,1505402
Aviation,People Screened at Large Hub Airports,02/14/2020,7,,1618395,1606361
Aviation,People Screened at Large Hub Airports,02/15/2020,7,,1331951,1309098
Aviation,People Screened at Large Hub Airports,02/16/2020,8,,1452491,1434122
Aviation,People Screened at Large Hub Airports,02/17/2020,8,,1622514,1614604
Aviation,People Screened at Large Hub Airports,02/18/2020,8,,1429671,1412549
Aviation,People Screened at Large Hub Airports,02/19/2020,8,,1372261,1325822
Aviation,People Screened at Large Hub Airports,02/20/2020,8,,1508161,1519828
Aviation,People Screened at Large Hub Airports,02/21/2020,8,,1551901,1563869
Aviation,People Screened at Large Hub Airports,02/22/2020,8,,1290626,1285920
Aviation,People Screened at Large Hub Airports,02/23/2020,9,,1538542,1483546
Aviation,People Screened at Large Hub Airports,02/24/2020,9,,1463898,1458483
Aviation,People Screened at Large Hub Airports,02/25/2020,9,,1239529,1252758
Aviation,People Screened at Large Hub Airports,02/26/2020,9,,1320285,1352919
Aviation,People Screened at Large Hub Airports,02/27/2020,9,,1509847,1539622
Aviation,People Screened at Large Hub Airports,02/28/2020,9,,1564885,1568937
Aviation,People Screened at Large Hub Airports,02/29/2020,9,,1291271,1300871
Aviation,People Screened at Large Hub Airports,03/01/2020,10,,1521729,1496230
Aviation,People Screened at Large Hub Airports,03/02/2020,10,,1393014,1458814
Aviation,People Screened at Large Hub Airports,03/03/2020,10,,1157012,1279043
Aviation,People Screened at Large Hub Airports,03/04/2020,10,,1240922,1384774
Aviation,People Screened at Large Hub Airports,03/05/2020,10,,1396633,1545828
Aviation,People Screened at Large Hub Airports,03/06/2020,10,,1437765,1643962
Aviation,People Screened at Large Hub Airports,03/07/2020,10,,1246561,1431519
Aviation,People Screened at Large Hub Airports,03/08/2020,11,,1395472,1620101
Aviation,People Screened at Large Hub Airports,03/09/2020,11,,1266530,1546396
Aviation,People Screened at Large Hub Airports,03/10/2020,11,,1075748,1378840
Aviation,People Screened at Large Hub Airports,03/11/2020,11,,1131144,1404896
Aviation,People Screened at Large Hub Airports,03/12/2020,11,,1188828,1628472
Aviation,People Screened at Large Hub Airports,03/13/2020,11,,1156751,1714990
Aviation,People Screened at Large Hub Airports,03/14/2020,11,,1027481,1519846
Aviation,People Screened at Large Hub Airports,03/15/2020,12,,1044230,1665380
Aviation,People Screened at Large Hub Airports,03/16/2020,12,,830329,1614333
Aviation,People Screened at Large Hub Airports,03/17/2020,12,,670235,1425663
Aviation,People Screened at Large Hub Airports,03/18/2020,12,,555818,1511799
Aviation,People Screened at Large Hub Airports,03/19/2020,12,,440273,1641867
Aviation,People Screened at Large Hub Airports,03/20/2020,12,,423720,1678832
Aviation,People Screened at Large Hub Airports,03/21/2020,12,,384312,1499618
Aviation,People Screened at Large Hub Airports,03/22/2020,13,,329274,1667089
Aviation,People Screened at Large Hub Airports,03/23/2020,13,,228405,1589031
Aviation,People Screened at Large Hub Airports,03/24/2020,13,,192251,1396174
Aviation,People Screened at Large Hub Airports,03/25/2020,13,,165026,1468702
Aviation,People Screened at Large Hub Airports,03/26/2020,13,,136896,1604906
Aviation,People Screened at Large Hub Airports,03/27/2020,13,,136061,1641532
Aviation,People Screened at Large Hub Airports,03/28/2020,13,,123114,1448254
Aviation,People Screened at Large Hub Airports,03/29/2020,14,,116042,1625792
Aviation,People Screened at Large Hub Airports,03/30/2020,14,,102225,1524018
Aviation,People Screened at Large Hub Airports,03/31/2020,14,,96336,1308300
Aviation,People Screened at Large Hub Airports,04/01/2020,14,,87605,1388377
Aviation,People Screened at Large Hub Airports,04/02/2020,14,,80501,1552640
Aviation,People Screened at Large Hub Airports,04/03/2020,14,,83322,1599587
Aviation,People Screened at Large Hub Airports,04/04/2020,14,,78094,1323680
Aviation,People Screened at Large Hub Airports,04/05/2020,15,,80841,1591033
Aviation,People Screened at Large Hub Airports,04/06/2020,15,,71691,1528239
Aviation,People Screened at Large Hub Airports,04/07/2020,15,,63970,1361436
Aviation,People Screened at Large Hub Airports,04/08/2020,15,,62292,1436287
Aviation,People Screened at Large Hub Airports,04/09/2020,15,,66845,1603686
Aviation,People Screened at Large Hub Airports,04/10/2020,15,,70741,1671005
Aviation,People Screened at Large Hub Airports,04/11/2020,15,,62002,1351027
Aviation,People Screened at Large Hub Airports,04/12/2020,16,,59749,1574166
Aviation,People Screened at Large Hub Airports,04/13/2020,16,,66329,1600285
Aviation,People Screened at Large Hub Airports,04/14/2020,16,57226,57226,1430059
Aviation,People Screened at Large Hub Airports,04/15/2020,16,57226,58941,1500386
Aviation,People Screened at Large Hub Airports,04/16/2020,16,57226,62080,1687342
Aviation,People Screened at Large Hub Airports,04/17/2020,16,57226,69383,1593385
Aviation,People Screened at Large Hub Airports,04/18/2020,16,57226,64032,1335938
Aviation,People Screened at Large Hub Airports,04/19/2020,17,57226,69958,1563385
Aviation,People Screened at Large Hub Airports,04/20/2020,17,57226,65081,1686472
Aviation,People Screened at Large Hub Airports,04/21/2020,17,57226,60494,1450879
Aviation,People Screened at Large Hub Airports,04/22/2020,17,57226,63923,1465230
Aviation,People Screened at Large Hub Airports,04/23/2020,17,57226,73041,1629422
Aviation,People Screened at Large Hub Airports,04/24/2020,17,57226,79607,1627179
Aviation,People Screened at Large Hub Airports,04/25/2020,17,57226,69139,1312412
Aviation,People Screened at Large Hub Airports,04/26/2020,18,57226,83829,1618313
Aviation,People Screened at Large Hub Airports,04/27/2020,18,57226,77097,1553144
Aviation,People Screened at Large Hub Airports,04/28/2020,18,57226,72061,1365480
Aviation,People Screened at Large Hub Airports,04/29/2020,18,57226,77461,1464409
Aviation,People Screened at Large Hub Airports,04/30/2020,18,57226,100198,1619550
Aviation,People Screened at Large Hub Airports,05/01/2020,18,57226,109161,1642379
Aviation,People Screened at Large Hub Airports,05/02/2020,18,57226,85445,1294188
Aviation,People Screened at Large Hub Airports,05/03/2020,19,57226,108249,1617888
Aviation,People Screened at Large Hub Airports,05/04/2020,19,57226,105469,1589048
Aviation,People Screened at Large Hub Airports,05/05/2020,19,57226,82626,1354423
Aviation,People Screened at Large Hub Airports,05/06/2020,19,57226,88498,1464389
Aviation,People Screened at Large Hub Airports,05/07/2020,19,57226,121281,1647809
Aviation,People Screened at Large Hub Airports,05/08/2020,19,57226,134566,1680930
Aviation,People Screened at Large Hub Airports,05/09/2020,19,57226,106348,1309687
Aviation,People Screened at Large Hub Airports,05/10/2020,20,57226,126464,1561129
Aviation,People Screened at Large Hub Airports,05/11/2020,20,57226,133667,1616673
Aviation,People Screened at Large Hub Airports,05/12/2020,20,57226,99909,1416277
Aviation,People Screened at Large Hub Airports,05/13/2020,20,57226,111492,1507114
Aviation,People Screened at Large Hub Airports,05/14/2020,20,57226,146866,1675781
Aviation,People Screened at Large Hub Airports,05/15/2020,20,57226,154965,1717820
Aviation,People Screened at Large Hub Airports,05/16/2020,20,57226,120663,1361437
Aviation,People Screened at Large Hub Airports,05/17/2020,21,57226,157980,1690020
Aviation,People Screened at Large Hub Airports,05/18/2020,21,57226,151323,1691596
Aviation,People Screened at Large Hub Airports,05/19/2020,21,57226,117803,1504940
Aviation,People Screened at Large Hub Airports,05/20/2020,21,57226,141808,1596460
Aviation,People Screened at Large Hub Airports,05/21/2020,21,57226,196246,1726569
Aviation,People Screened at Large Hub Airports,05/22/2020,21,57226,210921,1808163
Aviation,People Screened at Large Hub Airports,05/23/2020,21,57226,155131,1404396
Aviation,People Screened at Large Hub Airports,05/24/2020,22,57226,167156,1374560
Aviation,People Screened at Large Hub Airports,05/25/2020,22,57226,208165,1634023
Aviation,People Screened at Large Hub Airports,05/26/2020,22,57226,161825,1581274
Aviation,People Screened at Large Hub Airports,05/27/2020,22,57226,160712,1470943
Aviation,People Screened at Large Hub Airports,05/28/2020,22,57226,199231,1608686
Aviation,People Screened at Large Hub Airports,05/29/2020,22,57226,200386,1666587
Aviation,People Screened at Large Hub Airports,05/30/2020,22,57226,165545,1389259
Aviation,People Screened at Large Hub Airports,05/31/2020,23,57226,216406,1659120
Aviation,People Screened at Large Hub Airports,06/01/2020,23,57226,217169,1622022
Aviation,People Screened at Large Hub Airports,06/02/2020,23,57226,163372,1462610
Aviation,People Screened at Large Hub Airports,06/03/2020,23,57226,187126,1527605
Aviation,People Screened at Large Hub Airports,06/04/2020,23,57226,239047,1695366
Aviation,People Screened at Large Hub Airports,06/05/2020,23,57226,256309,1708633
Aviation,People Screened at Large Hub Airports,06/06/2020,23,57226,215567,1452476
Aviation,People Screened at Large Hub Airports,06/07/2020,24,57226,268034,1724232
Aviation,People Screened at Large Hub Airports,06/08/2020,24,57226,260644,1701450
Aviation,People Screened at Large Hub Airports,06/09/2020,24,57226,209111,1565617
Aviation,People Screened at Large Hub Airports,06/10/2020,24,57226,240707,1604630
Aviation,People Screened at Large Hub Airports,06/11/2020,24,57226,306418,1714789
Aviation,People Screened at Large Hub Airports,06/12/2020,24,57226,313991,1750029
Aviation,People Screened at Large Hub Airports,06/13/2020,24,57226,265953,1499751
Aviation,People Screened at Large Hub Airports,06/14/2020,25,57226,333327,1711733
Aviation,People Screened at Large Hub Airports,06/15/2020,25,57226,326859,1734377
Aviation,People Screened at Large Hub Airports,06/16/2020,25,57226,261800,1581819
Aviation,People Screened at Large Hub Airports,06/17/2020,25,57226,274001,1634403
Aviation,People Screened at Large Hub Airports,06/18/2020,25,57226,356038,1757795
Aviation,People Screened at Large Hub Airports,06/19/2020,25,57226,361517,1786615
Aviation,People Screened at Large Hub Airports,06/20/2020,25,57226,311903,1547648
Aviation,People Screened at Large Hub Airports,06/21/2020,26,57226,364622,1761120
Aviation,People Screened at Large Hub Airports,06/22/2020,26,57226,373191,1759279
Aviation,People Screened at Large Hub Airports,06/23/2020,26,57226,294635,1624296
Aviation,People Screened at Large Hub Airports,06/24/2020,26,57226,310842,1684010
Aviation,People Screened at Large Hub Airports,06/25/2020,26,57226,385830,1759888
Aviation,People Screened at Large Hub Airports,06/26/2020,26,57226,390022,1769450
Aviation,People Screened at Large Hub Airports,06/27/2020,26,57226,337479,1548410
Aviation,People Screened at Large Hub Airports,06/28/2020,27,57226,392676,1712358
Aviation,People Screened at Large Hub Airports,06/29/2020,27,57226,386876,1614365
Aviation,People Screened at Large Hub Airports,06/30/2020,27,57226,312308,1524933
Aviation,People Screened at Large Hub Airports,07/01/2020,27,57226,396738,1656504
Aviation,People Screened at Large Hub Airports,07/02/2020,27,57226,481947,1390198
Aviation,People Screened at Large Hub Airports,07/03/2020,27,57226,451198,1433672
Aviation,People Screened at Large Hub Airports,07/04/2020,27,57226,293034,1528243
Aviation,People Screened at All Airports,08/16/2020,34,88341,863229,2505842
Aviation,People Screened at All Airports,08/17/2020,34,88341,774875,2495471
Aviation,People Screened at All Airports,08/18/2020,34,88341,566451,2172117
Aviation,People Screened at All Airports,08/19/2020,34,88341,588756,2230423
Aviation,People Screened at All Airports,08/20/2020,34,88341,773542,2455433
Aviation,People Screened at All Airports,08/21/2020,34,88341,764969,2481428
Aviation,People Screened at All Airports,08/22/2020,34,88341,625507,1971988
Aviation,People Screened at All Airports,08/23/2020,35,88341,843899,2420663
Aviation,People Screened at All Airports,08/24/2020,35,88341,728210,2283286
Aviation,People Screened at All Airports,08/25/2020,35,88341,523732,1943736
Aviation,People Screened at All Airports,08/26/2020,35,88341,540643,2117377
Aviation,People Screened at All Airports,08/27/2020,35,88341,723395,2487919
Aviation,People Screened at All Airports,08/28/2020,35,88341,740537,2584722
Aviation,People Screened at All Airports,08/29/2020,35,88341,592951,1891313
Aviation,U.S. Domestic Commercial Flights (Departures),08/30/2020,36,6679,16041,20318
Aviation,U.S. Domestic Commercial Flights (Departures),08/31/2020,36,6679,16591,24641
Aviation,U.S. Domestic Commercial Flights (Departures),09/01/2020,36,6679,15594,24625
Aviation,U.S. Domestic Commercial Flights (Departures),09/02/2020,36,6679,15920,26181
Aviation,U.S. Domestic Commercial Flights (Departures),09/03/2020,36,6679,18306,27229
Aviation,U.S. Domestic Commercial Flights (Departures),09/04/2020,36,6679,17360,26960
Aviation,U.S. Domestic Commercial Flights (Departures),09/05/2020,36,6679,13577,20955
Aviation,U.S. International Commercial Flights (Departures),08/30/2020,36,326,1053,4181
Aviation,U.S. International Commercial Flights (Departures),08/31/2020,36,326,1014,3947
Aviation,U.S. International Commercial Flights (Departures),09/01/2020,36,326,910,3809
Aviation,U.S. International Commercial Flights (Departures),09/02/2020,36,326,1019,4024
Aviation,U.S. International Commercial Flights (Departures),09/03/2020,36,326,1088,4140
Aviation,U.S. International Commercial Flights (Departures),09/04/2020,36,326,1069,4167
Aviation,U.S. International Commercial Flights (Departures),09/05/2020,36,326,1065,4229
Aviation,People Screened at All Airports,08/30/2020,36,88341,809035,1826403
Aviation,People Screened at All Airports,08/31/2020,36,88341,714841,2210973
Aviation,People Screened at All Airports,09/01/2020,36,88341,517489,1969687
Aviation,People Screened at All Airports,09/02/2020,36,88341,579565,1820569
Aviation,People Screened at All Airports,09/03/2020,36,88341,879939,2039812
Aviation,People Screened at All Airports,09/04/2020,36,88341,970767,2124828
Aviation,People Screened at All Airports,09/05/2020,36,88341,665428,1694183
Aviation,People Screened at All Airports,09/06/2020,37,88341,695016,2300372
Aviation,People Screened at All Airports,09/07/2020,37,88341,937383,2220126
Aviation,People Screened at All Airports,09/08/2020,37,88341,706126,1874968
Aviation,People Screened at All Airports,09/09/2020,37,88341,618799,1935885
Aviation,People Screened at All Airports,09/10/2020,37,88341,756433,2375703
Aviation,People Screened at All Airports,09/11/2020,37,88341,733284,2409356
Aviation,People Screened at All Airports,09/12/2020,37,88341,615238,1816657
Aviation,U.S. Domestic Commercial Flights (Departures),09/06/2020,37,6679,13267,25726
Aviation,U.S. Domestic Commercial Flights (Departures),09/07/2020,37,6679,15350,27095
Aviation,U.S. Domestic Commercial Flights (Departures),09/08/2020,37,6679,14133,27378
Aviation,U.S. Domestic Commercial Flights (Departures),09/09/2020,37,6679,15121,27526
Aviation,U.S. Domestic Commercial Flights (Departures),09/10/2020,37,6679,16353,28588
Aviation,U.S. Domestic Commercial Flights (Departures),09/11/2020,37,6679,15887,28257
Aviation,U.S. Domestic Commercial Flights (Departures),09/12/2020,37,6679,13330,21216
Aviation,U.S. International Commercial Flights (Departures),09/06/2020,37,326,1048,4190
Aviation,U.S. International Commercial Flights (Departures),09/07/2020,37,326,1008,4033
Aviation,U.S. International Commercial Flights (Departures),09/08/2020,37,326,917,3909
Aviation,U.S. International Commercial Flights (Departures),09/09/2020,37,326,963,4004
Aviation,U.S. International Commercial Flights (Departures),09/10/2020,37,326,1084,4185
Aviation,U.S. International Commercial Flights (Departures),09/11/2020,37,326,1099,4190
Aviation,U.S. International Commercial Flights (Departures),09/12/2020,37,326,1201,4247
Aviation,U.S. Domestic Commercial Flights (Departures),09/13/2020,38,6679,14720,25854
Aviation,U.S. Domestic Commercial Flights (Departures),09/14/2020,38,6679,14919,27205
Aviation,U.S. Domestic Commercial Flights (Departures),09/15/2020,38,6679,14172,27294
Aviation,U.S. Domestic Commercial Flights (Departures),09/16/2020,38,6679,14992,27660
Aviation,U.S. Domestic Commercial Flights (Departures),09/17/2020,38,6679,16304,27748
Aviation,U.S. Domestic Commercial Flights (Departures),09/18/2020,38,6679,16018,28234
Aviation,U.S. Domestic Commercial Flights (Departures),09/19/2020,38,6679,13170,21459
Aviation,U.S. International Commercial Flights (Departures),09/13/2020,38,326,1156,4174
Aviation,U.S. International Commercial Flights (Departures),09/14/2020,38,326,1047,4095
Aviation,U.S. International Commercial Flights (Departures),09/15/2020,38,326,907,3929
Aviation,U.S. International Commercial Flights (Departures),09/16/2020,38,326,987,3997
Aviation,U.S. International Commercial Flights (Departures),09/17/2020,38,326,1111,3962
Aviation,U.S. International Commercial Flights (Departures),09/18/2020,38,326,1122,4078
Aviation,U.S. International Commercial Flights (Departures),09/19/2020,38,326,1157,4168
Aviation,People Screened at All Airports,09/13/2020,38,88341,812449,2415144
Aviation,People Screened at All Airports,09/14/2020,38,88341,731737,2326934
Aviation,People Screened at All Airports,09/15/2020,38,88341,522883,1944290
Aviation,People Screened at All Airports,09/16/2020,38,88341,578841,2077349
Aviation,People Screened at All Airports,09/17/2020,38,88341,787959,2383340
Aviation,People Screened at All Airports,09/18/2020,38,88341,813310,2497823
Aviation,People Screened at All Airports,09/19/2020,38,88341,639891,1875543
Aviation,U.S. Domestic Commercial Flights (Departures),09/20/2020,39,6679,14926,26083
Aviation,U.S. Domestic Commercial Flights (Departures),09/21/2020,39,6679,15107,27156
Aviation,U.S. Domestic Commercial Flights (Departures),09/22/2020,39,6679,14516,27131
Aviation,U.S. Domestic Commercial Flights (Departures),09/23/2020,39,6679,15331,27650
Aviation,U.S. Domestic Commercial Flights (Departures),09/24/2020,39,6679,16566,28953
Aviation,U.S. Domestic Commercial Flights (Departures),09/25/2020,39,6679,16054,27414
Aviation,U.S. Domestic Commercial Flights (Departures),09/26/2020,39,6679,13498,21390
Aviation,U.S. International Commercial Flights (Departures),09/20/2020,39,326,1186,4158
Aviation,U.S. International Commercial Flights (Departures),09/21/2020,39,326,1089,4053
Aviation,U.S. International Commercial Flights (Departures),09/22/2020,39,326,946,3843
Aviation,U.S. International Commercial Flights (Departures),09/23/2020,39,326,1027,4013
Aviation,U.S. International Commercial Flights (Departures),09/24/2020,39,326,1151,4137
Aviation,U.S. International Commercial Flights (Departures),09/25/2020,39,326,1152,4116
Aviation,U.S. International Commercial Flights (Departures),09/26/2020,39,326,1220,4194
Aviation,People Screened at All Airports,09/20/2020,39,88341,850203,2454967
Aviation,People Screened at All Airports,09/21/2020,39,88341,773515,2359699
Aviation,People Screened at All Airports,09/22/2020,39,88341,551887,1965774
Aviation,People Screened at All Airports,09/23/2020,39,88341,609676,2119289
Aviation,People Screened at All Airports,09/24/2020,39,88341,828880,2439395
Aviation,People Screened at All Airports,09/25/2020,39,88341,842215,2474047
Aviation,People Screened at All Airports,09/26/2020,39,88341,660084,1901407
